Outcome,Descriptor,Spearman rho,Raw p,N,BH-FDR q
AAS,colorfulness,0.6086273509607243,4.391015924794428e-62,600,3.864094013819097e-61
CFS,dark_pixel_ratio,-0.6800055594974556,1.2177282817619498e-82,600,1.7860014799175266e-81
CFS,high_saturation_ratio,-0.623164789544378,7.680415776686923e-66,600,8.448457354355615e-65
