Outcome,Friedman chi-square,df,p,Kendall W
AAS,450.5558731066019,5,3.7270528513079543e-95,0.9011117462132038
CFS,469.48256146369357,5,3.0773527964842875e-99,0.9389651229273871
TI,448.6890808143123,5,9.419798646165467e-95,0.8973781616286246
Dual utility,377.9264453348598,5,1.6931198888853895e-79,0.7558528906697196
